<?xml version="1.0" encoding="UTF-8"?>
<!DOCTYPE configuration
				PUBLIC "-//mybatis.org//DTD Config 3.0//EN"
				"http://mybatis.org/dtd/mybatis-3-config.dtd">
<configuration>

	<settings>
		<!-- 是否开启自动驼峰命名规则,默认是false -->
		<setting name="mapUnderscoreToCamelCase" value="true"/>
		<!-- 开启延迟加载的总开关 -->
		<setting name="lazyLoadingEnabled" value="false"></setting>
		<!--开启按需加载的开关 -->
		<setting name="aggressiveLazyLoading" value="false"/>
		<!-- 输出sql -->
		<setting name="logImpl" value="STDOUT_LOGGING"/>
		<!--开启二级缓存 -->
	   <setting name="cacheEnabled" value="false" />
	</settings>

	<!-- 批量设置别名 -->
	<typeAliases>
		<package name="com.glut.dangjian.entity"/>
	</typeAliases>

	<!-- 配置分页插件 -->
	<plugins>
		<plugin interceptor="com.github.pagehelper.PageHelper">
			<!-- 设置数据库类型 Oracle,Mysql,MariaDB,SQLite,Hsqldb,PostgreSQL六种数据库 -->
			<property name="dialect" value="mysql"/>
			<!--当设置为true的时候，如果pagesize设置为0 就不执行分页，返回全部结果 -->
			<property name="pageSizeZero" value="true"/>
			<!--合理化查询 比如如果pageNum<1会查询第一页;如果pageNum>pages会查询最后一页(设置为false返回空) -->
			<property name="reasonable" value="false"/>
			<!-- 支持通过Mapper接口参数来传递分页参数 -->
			<property name="supportMethodsArguments" value="false"/>
			<!-- 总是返回PageInfo类型,check检查返回类型是否为PageInfo,none返回Page -->
			<property name="returnPageInfo" value="none"/>
		</plugin>
	</plugins>

	<!-- SQL的映射文件 -->
	<mappers>
		<package name="com.glut.dangjian"/>
	</mappers>
</configuration>

